"","x"
"1","GBIF Occurrence Download https://doi.org/10.15468/dl.f7s4q5 Accessed from R via rgbif (https://github.com/ropensci/rgbif) on 2025-04-08"
"2","GBIF Occurrence Download https://doi.org/10.15468/dl.xfe4x3 Accessed from R via rgbif (https://github.com/ropensci/rgbif) on 2025-04-08"
"3","GBIF Occurrence Download https://doi.org/10.15468/dl.95qfzy Accessed from R via rgbif (https://github.com/ropensci/rgbif) on 2025-04-08"
"4","GBIF Occurrence Download https://doi.org/10.15468/dl.echfxw Accessed from R via rgbif (https://github.com/ropensci/rgbif) on 2025-04-08"
"5","GBIF Occurrence Download https://doi.org/10.15468/dl.sxdjbk Accessed from R via rgbif (https://github.com/ropensci/rgbif) on 2025-04-08"
"6","GBIF Occurrence Download https://doi.org/10.15468/dl.qb8npy Accessed from R via rgbif (https://github.com/ropensci/rgbif) on 2025-04-08"
"7","GBIF Occurrence Download https://doi.org/10.15468/dl.e2hn5q Accessed from R via rgbif (https://github.com/ropensci/rgbif) on 2025-04-08"
"8","GBIF Occurrence Download https://doi.org/10.15468/dl.3te8kq Accessed from R via rgbif (https://github.com/ropensci/rgbif) on 2025-04-08"
"9","GBIF Occurrence Download https://doi.org/10.15468/dl.gftxbd Accessed from R via rgbif (https://github.com/ropensci/rgbif) on 2025-04-08"
"10","GBIF Occurrence Download https://doi.org/10.15468/dl.m352jd Accessed from R via rgbif (https://github.com/ropensci/rgbif) on 2025-04-08"
"11","GBIF Occurrence Download https://doi.org/10.15468/dl.9pfyja Accessed from R via rgbif (https://github.com/ropensci/rgbif) on 2025-04-08"
"12","GBIF Occurrence Download https://doi.org/10.15468/dl.y5qken Accessed from R via rgbif (https://github.com/ropensci/rgbif) on 2025-04-08"
"13","GBIF Occurrence Download https://doi.org/10.15468/dl.jvdxvy Accessed from R via rgbif (https://github.com/ropensci/rgbif) on 2025-04-08"
"14","GBIF Occurrence Download https://doi.org/10.15468/dl.hsfk53 Accessed from R via rgbif (https://github.com/ropensci/rgbif) on 2025-04-08"
"15","GBIF Occurrence Download https://doi.org/10.15468/dl.95xm9g Accessed from R via rgbif (https://github.com/ropensci/rgbif) on 2025-04-08"
"16","GBIF Occurrence Download https://doi.org/10.15468/dl.xwwvnw Accessed from R via rgbif (https://github.com/ropensci/rgbif) on 2025-04-08"
"17","GBIF Occurrence Download https://doi.org/10.15468/dl.eack4a Accessed from R via rgbif (https://github.com/ropensci/rgbif) on 2025-04-08"
"18","GBIF Occurrence Download https://doi.org/10.15468/dl.bt7k3h Accessed from R via rgbif (https://github.com/ropensci/rgbif) on 2025-04-08"
"19","GBIF Occurrence Download https://doi.org/10.15468/dl.azze63 Accessed from R via rgbif (https://github.com/ropensci/rgbif) on 2025-04-08"
"20","GBIF Occurrence Download https://doi.org/10.15468/dl.3k9c4h Accessed from R via rgbif (https://github.com/ropensci/rgbif) on 2025-04-08"
"21","GBIF Occurrence Download https://doi.org/10.15468/dl.f4ktsa Accessed from R via rgbif (https://github.com/ropensci/rgbif) on 2025-04-08"
"22","GBIF Occurrence Download https://doi.org/10.15468/dl.vvp46m Accessed from R via rgbif (https://github.com/ropensci/rgbif) on 2025-04-08"
"23","GBIF Occurrence Download https://doi.org/10.15468/dl.mrq6uz Accessed from R via rgbif (https://github.com/ropensci/rgbif) on 2025-04-08"
"24","GBIF Occurrence Download https://doi.org/10.15468/dl.yz2mn8 Accessed from R via rgbif (https://github.com/ropensci/rgbif) on 2025-04-08"
"25","GBIF Occurrence Download https://doi.org/10.15468/dl.h7apnz Accessed from R via rgbif (https://github.com/ropensci/rgbif) on 2025-04-08"
"26","GBIF Occurrence Download https://doi.org/10.15468/dl.w5ba9d Accessed from R via rgbif (https://github.com/ropensci/rgbif) on 2025-04-08"
"27","GBIF Occurrence Download https://doi.org/10.15468/dl.5vrwnx Accessed from R via rgbif (https://github.com/ropensci/rgbif) on 2025-04-08"
"28","GBIF Occurrence Download https://doi.org/10.15468/dl.6wnhbw Accessed from R via rgbif (https://github.com/ropensci/rgbif) on 2025-04-08"
"29","GBIF Occurrence Download https://doi.org/10.15468/dl.mdq6tw Accessed from R via rgbif (https://github.com/ropensci/rgbif) on 2025-04-08"
"30","GBIF Occurrence Download https://doi.org/10.15468/dl.z5mz3y Accessed from R via rgbif (https://github.com/ropensci/rgbif) on 2025-04-09"
"31","GBIF Occurrence Download https://doi.org/10.15468/dl.k78zby Accessed from R via rgbif (https://github.com/ropensci/rgbif) on 2025-04-09"
"32","GBIF Occurrence Download https://doi.org/10.15468/dl.ejp9w5 Accessed from R via rgbif (https://github.com/ropensci/rgbif) on 2025-04-09"
"33","GBIF Occurrence Download https://doi.org/10.15468/dl.u4sudw Accessed from R via rgbif (https://github.com/ropensci/rgbif) on 2025-04-09"
"34","GBIF Occurrence Download https://doi.org/10.15468/dl.qbv49p Accessed from R via rgbif (https://github.com/ropensci/rgbif) on 2025-04-09"
"35","GBIF Occurrence Download https://doi.org/10.15468/dl.nx9gjh Accessed from R via rgbif (https://github.com/ropensci/rgbif) on 2025-04-09"
"36","GBIF Occurrence Download https://doi.org/10.15468/dl.nuvftu Accessed from R via rgbif (https://github.com/ropensci/rgbif) on 2025-04-09"
"37","GBIF Occurrence Download https://doi.org/10.15468/dl.gxg49g Accessed from R via rgbif (https://github.com/ropensci/rgbif) on 2025-04-09"
"38","GBIF Occurrence Download https://doi.org/10.15468/dl.dvq876 Accessed from R via rgbif (https://github.com/ropensci/rgbif) on 2025-04-09"
"39","GBIF Occurrence Download https://doi.org/10.15468/dl.2yempt Accessed from R via rgbif (https://github.com/ropensci/rgbif) on 2025-04-09"
"40","GBIF Occurrence Download https://doi.org/10.15468/dl.4f5cn7 Accessed from R via rgbif (https://github.com/ropensci/rgbif) on 2025-04-09"
"41","GBIF Occurrence Download https://doi.org/10.15468/dl.7q3u3w Accessed from R via rgbif (https://github.com/ropensci/rgbif) on 2025-04-09"
"42","GBIF Occurrence Download https://doi.org/10.15468/dl.hh8tye Accessed from R via rgbif (https://github.com/ropensci/rgbif) on 2025-04-09"
"43","GBIF Occurrence Download https://doi.org/10.15468/dl.rcry93 Accessed from R via rgbif (https://github.com/ropensci/rgbif) on 2025-04-09"
"44","GBIF Occurrence Download https://doi.org/10.15468/dl.v3yvpn Accessed from R via rgbif (https://github.com/ropensci/rgbif) on 2025-04-09"
"45","GBIF Occurrence Download https://doi.org/10.15468/dl.tjbc33 Accessed from R via rgbif (https://github.com/ropensci/rgbif) on 2025-04-09"
"46","GBIF Occurrence Download https://doi.org/10.15468/dl.eq2eqr Accessed from R via rgbif (https://github.com/ropensci/rgbif) on 2025-04-09"
"47","GBIF Occurrence Download https://doi.org/10.15468/dl.dkvpga Accessed from R via rgbif (https://github.com/ropensci/rgbif) on 2025-04-09"
"48","GBIF Occurrence Download https://doi.org/10.15468/dl.vnxzzt Accessed from R via rgbif (https://github.com/ropensci/rgbif) on 2025-04-09"
"49","GBIF Occurrence Download https://doi.org/10.15468/dl.htv8sw Accessed from R via rgbif (https://github.com/ropensci/rgbif) on 2025-04-09"
"50","GBIF Occurrence Download https://doi.org/10.15468/dl.3cp7ez Accessed from R via rgbif (https://github.com/ropensci/rgbif) on 2025-04-09"
"51","GBIF Occurrence Download https://doi.org/10.15468/dl.2w2wgz Accessed from R via rgbif (https://github.com/ropensci/rgbif) on 2025-04-09"
"52","GBIF Occurrence Download https://doi.org/10.15468/dl.prqkt3 Accessed from R via rgbif (https://github.com/ropensci/rgbif) on 2025-04-09"
"53","GBIF Occurrence Download https://doi.org/10.15468/dl.wnbz6y Accessed from R via rgbif (https://github.com/ropensci/rgbif) on 2025-04-09"
"54","GBIF Occurrence Download https://doi.org/10.15468/dl.3cj45s Accessed from R via rgbif (https://github.com/ropensci/rgbif) on 2025-04-09"
"55","GBIF Occurrence Download https://doi.org/10.15468/dl.7n9n3w Accessed from R via rgbif (https://github.com/ropensci/rgbif) on 2025-04-09"
"56","GBIF Occurrence Download https://doi.org/10.15468/dl.k2e7c7 Accessed from R via rgbif (https://github.com/ropensci/rgbif) on 2025-04-09"
"57","GBIF Occurrence Download https://doi.org/10.15468/dl.qpt3wg Accessed from R via rgbif (https://github.com/ropensci/rgbif) on 2025-04-09"
"58","GBIF Occurrence Download https://doi.org/10.15468/dl.wp5g5t Accessed from R via rgbif (https://github.com/ropensci/rgbif) on 2025-04-09"
"59","GBIF Occurrence Download https://doi.org/10.15468/dl.25skma Accessed from R via rgbif (https://github.com/ropensci/rgbif) on 2025-04-09"
"60","GBIF Occurrence Download https://doi.org/10.15468/dl.h8zjrm Accessed from R via rgbif (https://github.com/ropensci/rgbif) on 2025-04-09"
"61","GBIF Occurrence Download https://doi.org/10.15468/dl.rebzft Accessed from R via rgbif (https://github.com/ropensci/rgbif) on 2025-04-09"
"62","GBIF Occurrence Download https://doi.org/10.15468/dl.2cpb9v Accessed from R via rgbif (https://github.com/ropensci/rgbif) on 2025-04-09"
"63","GBIF Occurrence Download https://doi.org/10.15468/dl.6da9zc Accessed from R via rgbif (https://github.com/ropensci/rgbif) on 2025-04-09"
"64","GBIF Occurrence Download https://doi.org/10.15468/dl.3hm7ej Accessed from R via rgbif (https://github.com/ropensci/rgbif) on 2025-04-09"
"65","GBIF Occurrence Download https://doi.org/10.15468/dl.w7y5cq Accessed from R via rgbif (https://github.com/ropensci/rgbif) on 2025-04-09"
"66","GBIF Occurrence Download https://doi.org/10.15468/dl.vmzujp Accessed from R via rgbif (https://github.com/ropensci/rgbif) on 2025-04-09"
"67","GBIF Occurrence Download https://doi.org/10.15468/dl.kk6jnc Accessed from R via rgbif (https://github.com/ropensci/rgbif) on 2025-04-09"
"68","GBIF Occurrence Download https://doi.org/10.15468/dl.qq6dzz Accessed from R via rgbif (https://github.com/ropensci/rgbif) on 2025-04-09"
"69","GBIF Occurrence Download https://doi.org/10.15468/dl.zqvxzm Accessed from R via rgbif (https://github.com/ropensci/rgbif) on 2025-04-09"
"70","GBIF Occurrence Download https://doi.org/10.15468/dl.57qzk3 Accessed from R via rgbif (https://github.com/ropensci/rgbif) on 2025-04-09"
"71","GBIF Occurrence Download https://doi.org/10.15468/dl.bnzzk6 Accessed from R via rgbif (https://github.com/ropensci/rgbif) on 2025-04-09"
"72","GBIF Occurrence Download https://doi.org/10.15468/dl.2rhg2g Accessed from R via rgbif (https://github.com/ropensci/rgbif) on 2025-04-09"
"73","GBIF Occurrence Download https://doi.org/10.15468/dl.5mdts4 Accessed from R via rgbif (https://github.com/ropensci/rgbif) on 2025-04-09"
"74","GBIF Occurrence Download https://doi.org/10.15468/dl.y2gb4s Accessed from R via rgbif (https://github.com/ropensci/rgbif) on 2025-04-09"
"75","GBIF Occurrence Download https://doi.org/10.15468/dl.bsqju4 Accessed from R via rgbif (https://github.com/ropensci/rgbif) on 2025-04-09"
"76","GBIF Occurrence Download https://doi.org/10.15468/dl.a9eds3 Accessed from R via rgbif (https://github.com/ropensci/rgbif) on 2025-04-09"
"77","GBIF Occurrence Download https://doi.org/10.15468/dl.cvvszy Accessed from R via rgbif (https://github.com/ropensci/rgbif) on 2025-04-09"
"78","GBIF Occurrence Download https://doi.org/10.15468/dl.rva9jf Accessed from R via rgbif (https://github.com/ropensci/rgbif) on 2025-04-09"
"79","GBIF Occurrence Download https://doi.org/10.15468/dl.fdnbaj Accessed from R via rgbif (https://github.com/ropensci/rgbif) on 2025-04-09"
"80","GBIF Occurrence Download https://doi.org/10.15468/dl.hs8a73 Accessed from R via rgbif (https://github.com/ropensci/rgbif) on 2025-04-09"
"81","GBIF Occurrence Download https://doi.org/10.15468/dl.87r4jb Accessed from R via rgbif (https://github.com/ropensci/rgbif) on 2025-04-09"
"82","GBIF Occurrence Download https://doi.org/10.15468/dl.nh5yvm Accessed from R via rgbif (https://github.com/ropensci/rgbif) on 2025-04-09"
"83","GBIF Occurrence Download https://doi.org/10.15468/dl.knkp7y Accessed from R via rgbif (https://github.com/ropensci/rgbif) on 2025-04-09"
"84","GBIF Occurrence Download https://doi.org/10.15468/dl.5f7xfq Accessed from R via rgbif (https://github.com/ropensci/rgbif) on 2025-04-09"
"85","GBIF Occurrence Download https://doi.org/10.15468/dl.5zmcvx Accessed from R via rgbif (https://github.com/ropensci/rgbif) on 2025-04-09"
"86","GBIF Occurrence Download https://doi.org/10.15468/dl.zgfp48 Accessed from R via rgbif (https://github.com/ropensci/rgbif) on 2025-04-09"
"87","GBIF Occurrence Download https://doi.org/10.15468/dl.yzkj6v Accessed from R via rgbif (https://github.com/ropensci/rgbif) on 2025-04-09"
"88","GBIF Occurrence Download https://doi.org/10.15468/dl.hxf4b5 Accessed from R via rgbif (https://github.com/ropensci/rgbif) on 2025-04-09"
"89","GBIF Occurrence Download https://doi.org/10.15468/dl.zh3e7e Accessed from R via rgbif (https://github.com/ropensci/rgbif) on 2025-04-09"
"90","GBIF Occurrence Download https://doi.org/10.15468/dl.c4n5fz Accessed from R via rgbif (https://github.com/ropensci/rgbif) on 2025-04-09"
"91","GBIF Occurrence Download https://doi.org/10.15468/dl.94eggz Accessed from R via rgbif (https://github.com/ropensci/rgbif) on 2025-04-09"
"92","GBIF Occurrence Download https://doi.org/10.15468/dl.f8eazd Accessed from R via rgbif (https://github.com/ropensci/rgbif) on 2025-04-09"
"93","GBIF Occurrence Download https://doi.org/10.15468/dl.8zx3ff Accessed from R via rgbif (https://github.com/ropensci/rgbif) on 2025-04-09"
"94","GBIF Occurrence Download https://doi.org/10.15468/dl.e77mnk Accessed from R via rgbif (https://github.com/ropensci/rgbif) on 2025-04-09"
"95","GBIF Occurrence Download https://doi.org/10.15468/dl.fsa4cg Accessed from R via rgbif (https://github.com/ropensci/rgbif) on 2025-04-09"
"96","GBIF Occurrence Download https://doi.org/10.15468/dl.9pm5dg Accessed from R via rgbif (https://github.com/ropensci/rgbif) on 2025-04-09"
"97","GBIF Occurrence Download https://doi.org/10.15468/dl.4mpj8u Accessed from R via rgbif (https://github.com/ropensci/rgbif) on 2025-04-09"
"98","GBIF Occurrence Download https://doi.org/10.15468/dl.2apv7p Accessed from R via rgbif (https://github.com/ropensci/rgbif) on 2025-04-09"
"99","GBIF Occurrence Download https://doi.org/10.15468/dl.bznk4v Accessed from R via rgbif (https://github.com/ropensci/rgbif) on 2025-04-09"
"100","GBIF Occurrence Download https://doi.org/10.15468/dl.cgweg9 Accessed from R via rgbif (https://github.com/ropensci/rgbif) on 2025-04-09"
"101","GBIF Occurrence Download https://doi.org/10.15468/dl.kszpa3 Accessed from R via rgbif (https://github.com/ropensci/rgbif) on 2025-04-09"
"102","GBIF Occurrence Download https://doi.org/10.15468/dl.58pdkb Accessed from R via rgbif (https://github.com/ropensci/rgbif) on 2025-04-09"
"103","GBIF Occurrence Download https://doi.org/10.15468/dl.qmhfd5 Accessed from R via rgbif (https://github.com/ropensci/rgbif) on 2025-04-09"
"104","GBIF Occurrence Download https://doi.org/10.15468/dl.w2bdt8 Accessed from R via rgbif (https://github.com/ropensci/rgbif) on 2025-04-09"
"105","GBIF Occurrence Download https://doi.org/10.15468/dl.wwzmcg Accessed from R via rgbif (https://github.com/ropensci/rgbif) on 2025-04-09"
"106","GBIF Occurrence Download https://doi.org/10.15468/dl.z96f2f Accessed from R via rgbif (https://github.com/ropensci/rgbif) on 2025-04-09"
"107","GBIF Occurrence Download https://doi.org/10.15468/dl.m34j5j Accessed from R via rgbif (https://github.com/ropensci/rgbif) on 2025-04-09"
"108","GBIF Occurrence Download https://doi.org/10.15468/dl.g33895 Accessed from R via rgbif (https://github.com/ropensci/rgbif) on 2025-04-09"
"109","GBIF Occurrence Download https://doi.org/10.15468/dl.4ru7rt Accessed from R via rgbif (https://github.com/ropensci/rgbif) on 2025-04-09"
"110","GBIF Occurrence Download https://doi.org/10.15468/dl.72e8ty Accessed from R via rgbif (https://github.com/ropensci/rgbif) on 2025-04-09"
"111","GBIF Occurrence Download https://doi.org/10.15468/dl.3vts77 Accessed from R via rgbif (https://github.com/ropensci/rgbif) on 2025-04-09"
"112","GBIF Occurrence Download https://doi.org/10.15468/dl.23c4vm Accessed from R via rgbif (https://github.com/ropensci/rgbif) on 2025-04-09"
"113","GBIF Occurrence Download https://doi.org/10.15468/dl.e82f52 Accessed from R via rgbif (https://github.com/ropensci/rgbif) on 2025-04-09"
"114","GBIF Occurrence Download https://doi.org/10.15468/dl.4a52e5 Accessed from R via rgbif (https://github.com/ropensci/rgbif) on 2025-04-09"
"115","GBIF Occurrence Download https://doi.org/10.15468/dl.5pfvsx Accessed from R via rgbif (https://github.com/ropensci/rgbif) on 2025-04-09"
"116","GBIF Occurrence Download https://doi.org/10.15468/dl.tyemfx Accessed from R via rgbif (https://github.com/ropensci/rgbif) on 2025-04-09"
"117","GBIF Occurrence Download https://doi.org/10.15468/dl.5g7crt Accessed from R via rgbif (https://github.com/ropensci/rgbif) on 2025-04-09"
"118","GBIF Occurrence Download https://doi.org/10.15468/dl.d5k22u Accessed from R via rgbif (https://github.com/ropensci/rgbif) on 2025-04-09"
"119","GBIF Occurrence Download https://doi.org/10.15468/dl.saup8b Accessed from R via rgbif (https://github.com/ropensci/rgbif) on 2025-04-09"
"120","GBIF Occurrence Download https://doi.org/10.15468/dl.7j2tgh Accessed from R via rgbif (https://github.com/ropensci/rgbif) on 2025-04-09"
"121","GBIF Occurrence Download https://doi.org/10.15468/dl.h7uwut Accessed from R via rgbif (https://github.com/ropensci/rgbif) on 2025-04-09"
"122","GBIF Occurrence Download https://doi.org/10.15468/dl.teqshg Accessed from R via rgbif (https://github.com/ropensci/rgbif) on 2025-04-09"
"123","GBIF Occurrence Download https://doi.org/10.15468/dl.4uxwh7 Accessed from R via rgbif (https://github.com/ropensci/rgbif) on 2025-04-09"
"124","GBIF Occurrence Download https://doi.org/10.15468/dl.s7sa2n Accessed from R via rgbif (https://github.com/ropensci/rgbif) on 2025-04-09"
"125","GBIF Occurrence Download https://doi.org/10.15468/dl.d2peb6 Accessed from R via rgbif (https://github.com/ropensci/rgbif) on 2025-04-09"
"126","GBIF Occurrence Download https://doi.org/10.15468/dl.yf2rbn Accessed from R via rgbif (https://github.com/ropensci/rgbif) on 2025-04-09"
"127","GBIF Occurrence Download https://doi.org/10.15468/dl.hpwazf Accessed from R via rgbif (https://github.com/ropensci/rgbif) on 2025-04-09"
"128","GBIF Occurrence Download https://doi.org/10.15468/dl.8xsqcn Accessed from R via rgbif (https://github.com/ropensci/rgbif) on 2025-04-09"
"129","GBIF Occurrence Download https://doi.org/10.15468/dl.hmv5zb Accessed from R via rgbif (https://github.com/ropensci/rgbif) on 2025-04-09"
"130","GBIF Occurrence Download https://doi.org/10.15468/dl.6mjua2 Accessed from R via rgbif (https://github.com/ropensci/rgbif) on 2025-04-09"
"131","GBIF Occurrence Download https://doi.org/10.15468/dl.9fbyw2 Accessed from R via rgbif (https://github.com/ropensci/rgbif) on 2025-04-09"
"132","GBIF Occurrence Download https://doi.org/10.15468/dl.yr9dzg Accessed from R via rgbif (https://github.com/ropensci/rgbif) on 2025-04-09"
"133","GBIF Occurrence Download https://doi.org/10.15468/dl.tcxzgx Accessed from R via rgbif (https://github.com/ropensci/rgbif) on 2025-04-09"
"134","GBIF Occurrence Download https://doi.org/10.15468/dl.eftdhe Accessed from R via rgbif (https://github.com/ropensci/rgbif) on 2025-04-09"
"135","GBIF Occurrence Download https://doi.org/10.15468/dl.3bgb53 Accessed from R via rgbif (https://github.com/ropensci/rgbif) on 2025-04-09"
"136","GBIF Occurrence Download https://doi.org/10.15468/dl.aqkt9p Accessed from R via rgbif (https://github.com/ropensci/rgbif) on 2025-04-09"
"137","GBIF Occurrence Download https://doi.org/10.15468/dl.qfcpcq Accessed from R via rgbif (https://github.com/ropensci/rgbif) on 2025-04-09"
"138","GBIF Occurrence Download https://doi.org/10.15468/dl.4nfhvm Accessed from R via rgbif (https://github.com/ropensci/rgbif) on 2025-04-09"
"139","GBIF Occurrence Download https://doi.org/10.15468/dl.js5tbr Accessed from R via rgbif (https://github.com/ropensci/rgbif) on 2025-04-09"
"140","GBIF Occurrence Download https://doi.org/10.15468/dl.jnjnpm Accessed from R via rgbif (https://github.com/ropensci/rgbif) on 2025-04-09"
"141","GBIF Occurrence Download https://doi.org/10.15468/dl.y2sxv4 Accessed from R via rgbif (https://github.com/ropensci/rgbif) on 2025-04-09"
"142","GBIF Occurrence Download https://doi.org/10.15468/dl.jcsp9k Accessed from R via rgbif (https://github.com/ropensci/rgbif) on 2025-04-09"
"143","GBIF Occurrence Download https://doi.org/10.15468/dl.nkz4sw Accessed from R via rgbif (https://github.com/ropensci/rgbif) on 2025-04-09"
"144","GBIF Occurrence Download https://doi.org/10.15468/dl.cwh9nd Accessed from R via rgbif (https://github.com/ropensci/rgbif) on 2025-04-09"
"145","GBIF Occurrence Download https://doi.org/10.15468/dl.pr6bga Accessed from R via rgbif (https://github.com/ropensci/rgbif) on 2025-04-09"
"146","GBIF Occurrence Download https://doi.org/10.15468/dl.smhed2 Accessed from R via rgbif (https://github.com/ropensci/rgbif) on 2025-04-09"
"147","GBIF Occurrence Download https://doi.org/10.15468/dl.63srqt Accessed from R via rgbif (https://github.com/ropensci/rgbif) on 2025-04-09"
"148","GBIF Occurrence Download https://doi.org/10.15468/dl.3aum3h Accessed from R via rgbif (https://github.com/ropensci/rgbif) on 2025-04-09"
"149","GBIF Occurrence Download https://doi.org/10.15468/dl.bq798g Accessed from R via rgbif (https://github.com/ropensci/rgbif) on 2025-04-09"
"150","GBIF Occurrence Download https://doi.org/10.15468/dl.wjpbvp Accessed from R via rgbif (https://github.com/ropensci/rgbif) on 2025-04-09"
"151","GBIF Occurrence Download https://doi.org/10.15468/dl.r798s5 Accessed from R via rgbif (https://github.com/ropensci/rgbif) on 2025-04-09"
"152","GBIF Occurrence Download https://doi.org/10.15468/dl.5y5uaf Accessed from R via rgbif (https://github.com/ropensci/rgbif) on 2025-04-09"
"153","GBIF Occurrence Download https://doi.org/10.15468/dl.patft4 Accessed from R via rgbif (https://github.com/ropensci/rgbif) on 2025-04-09"
"154","GBIF Occurrence Download https://doi.org/10.15468/dl.xfkbkr Accessed from R via rgbif (https://github.com/ropensci/rgbif) on 2025-04-09"
"155","GBIF Occurrence Download https://doi.org/10.15468/dl.gq68d7 Accessed from R via rgbif (https://github.com/ropensci/rgbif) on 2025-04-09"
"156","GBIF Occurrence Download https://doi.org/10.15468/dl.9y2svt Accessed from R via rgbif (https://github.com/ropensci/rgbif) on 2025-04-09"
"157","GBIF Occurrence Download https://doi.org/10.15468/dl.mky838 Accessed from R via rgbif (https://github.com/ropensci/rgbif) on 2025-04-09"
"158","GBIF Occurrence Download https://doi.org/10.15468/dl.vccdmx Accessed from R via rgbif (https://github.com/ropensci/rgbif) on 2025-04-09"
"159","GBIF Occurrence Download https://doi.org/10.15468/dl.k2aceh Accessed from R via rgbif (https://github.com/ropensci/rgbif) on 2025-04-09"
"160","GBIF Occurrence Download https://doi.org/10.15468/dl.nzw3e6 Accessed from R via rgbif (https://github.com/ropensci/rgbif) on 2025-04-09"
"161","GBIF Occurrence Download https://doi.org/10.15468/dl.pun75d Accessed from R via rgbif (https://github.com/ropensci/rgbif) on 2025-04-09"
"162","GBIF Occurrence Download https://doi.org/10.15468/dl.6m8km5 Accessed from R via rgbif (https://github.com/ropensci/rgbif) on 2025-04-09"
"163","GBIF Occurrence Download https://doi.org/10.15468/dl.dskk2z Accessed from R via rgbif (https://github.com/ropensci/rgbif) on 2025-04-09"
"164","GBIF Occurrence Download https://doi.org/10.15468/dl.c9be33 Accessed from R via rgbif (https://github.com/ropensci/rgbif) on 2025-04-09"
"165","GBIF Occurrence Download https://doi.org/10.15468/dl.rn29f8 Accessed from R via rgbif (https://github.com/ropensci/rgbif) on 2025-04-09"
"166","GBIF Occurrence Download https://doi.org/10.15468/dl.z64kr5 Accessed from R via rgbif (https://github.com/ropensci/rgbif) on 2025-04-09"
"167","GBIF Occurrence Download https://doi.org/10.15468/dl.6md9rt Accessed from R via rgbif (https://github.com/ropensci/rgbif) on 2025-04-09"
"168","GBIF Occurrence Download https://doi.org/10.15468/dl.vht3hz Accessed from R via rgbif (https://github.com/ropensci/rgbif) on 2025-04-09"
"169","GBIF Occurrence Download https://doi.org/10.15468/dl.88b98a Accessed from R via rgbif (https://github.com/ropensci/rgbif) on 2025-04-09"
"170","GBIF Occurrence Download https://doi.org/10.15468/dl.3u4mft Accessed from R via rgbif (https://github.com/ropensci/rgbif) on 2025-04-09"
"171","GBIF Occurrence Download https://doi.org/10.15468/dl.2bw4r7 Accessed from R via rgbif (https://github.com/ropensci/rgbif) on 2025-04-09"
"172","GBIF Occurrence Download https://doi.org/10.15468/dl.fvg2j7 Accessed from R via rgbif (https://github.com/ropensci/rgbif) on 2025-04-09"
"173","GBIF Occurrence Download https://doi.org/10.15468/dl.qzgept Accessed from R via rgbif (https://github.com/ropensci/rgbif) on 2025-04-09"
"174","GBIF Occurrence Download https://doi.org/10.15468/dl.34apku Accessed from R via rgbif (https://github.com/ropensci/rgbif) on 2025-04-09"
"175","GBIF Occurrence Download https://doi.org/10.15468/dl.3jdzyr Accessed from R via rgbif (https://github.com/ropensci/rgbif) on 2025-04-09"
"176","GBIF Occurrence Download https://doi.org/10.15468/dl.qcxyct Accessed from R via rgbif (https://github.com/ropensci/rgbif) on 2025-04-09"
"177","GBIF Occurrence Download https://doi.org/10.15468/dl.3we3fa Accessed from R via rgbif (https://github.com/ropensci/rgbif) on 2025-04-09"
"178","GBIF Occurrence Download https://doi.org/10.15468/dl.f7xb9m Accessed from R via rgbif (https://github.com/ropensci/rgbif) on 2025-04-09"
"179","GBIF Occurrence Download https://doi.org/10.15468/dl.w2j7fd Accessed from R via rgbif (https://github.com/ropensci/rgbif) on 2025-04-09"
"180","GBIF Occurrence Download https://doi.org/10.15468/dl.rxfdm7 Accessed from R via rgbif (https://github.com/ropensci/rgbif) on 2025-04-09"
"181","GBIF Occurrence Download https://doi.org/10.15468/dl.qc8ygr Accessed from R via rgbif (https://github.com/ropensci/rgbif) on 2025-04-09"
"182","GBIF Occurrence Download https://doi.org/10.15468/dl.qtkvqa Accessed from R via rgbif (https://github.com/ropensci/rgbif) on 2025-04-09"
"183","GBIF Occurrence Download https://doi.org/10.15468/dl.qhfefe Accessed from R via rgbif (https://github.com/ropensci/rgbif) on 2025-04-09"
"184","GBIF Occurrence Download https://doi.org/10.15468/dl.rrssx4 Accessed from R via rgbif (https://github.com/ropensci/rgbif) on 2025-04-09"
"185","GBIF Occurrence Download https://doi.org/10.15468/dl.4rr7a7 Accessed from R via rgbif (https://github.com/ropensci/rgbif) on 2025-04-09"
"186","GBIF Occurrence Download https://doi.org/10.15468/dl.63cc9c Accessed from R via rgbif (https://github.com/ropensci/rgbif) on 2025-04-09"
"187","GBIF Occurrence Download https://doi.org/10.15468/dl.5pm3cw Accessed from R via rgbif (https://github.com/ropensci/rgbif) on 2025-04-09"
"188","GBIF Occurrence Download https://doi.org/10.15468/dl.6e6t87 Accessed from R via rgbif (https://github.com/ropensci/rgbif) on 2025-04-09"
"189","GBIF Occurrence Download https://doi.org/10.15468/dl.fzd526 Accessed from R via rgbif (https://github.com/ropensci/rgbif) on 2025-04-09"
"190","GBIF Occurrence Download https://doi.org/10.15468/dl.ha2pqv Accessed from R via rgbif (https://github.com/ropensci/rgbif) on 2025-04-09"
"191","GBIF Occurrence Download https://doi.org/10.15468/dl.zhxbb9 Accessed from R via rgbif (https://github.com/ropensci/rgbif) on 2025-04-09"
"192","GBIF Occurrence Download https://doi.org/10.15468/dl.s9d7c7 Accessed from R via rgbif (https://github.com/ropensci/rgbif) on 2025-04-09"
"193","GBIF Occurrence Download https://doi.org/10.15468/dl.zg2a7p Accessed from R via rgbif (https://github.com/ropensci/rgbif) on 2025-04-09"
"194","GBIF Occurrence Download https://doi.org/10.15468/dl.jjrtwm Accessed from R via rgbif (https://github.com/ropensci/rgbif) on 2025-04-09"
"195","GBIF Occurrence Download https://doi.org/10.15468/dl.r668hc Accessed from R via rgbif (https://github.com/ropensci/rgbif) on 2025-04-09"
"196","GBIF Occurrence Download https://doi.org/10.15468/dl.8xzmmg Accessed from R via rgbif (https://github.com/ropensci/rgbif) on 2025-04-09"
"197","GBIF Occurrence Download https://doi.org/10.15468/dl.8rt2pb Accessed from R via rgbif (https://github.com/ropensci/rgbif) on 2025-04-09"
